{
    "parent": "item/handheld",
    "textures": {
        "layer0": "items/diamond_sword"
    },
	"overrides": [
	    { "predicate": { "damaged": 0, "damage": 0.996798975672215 }, "model": "item/aote" },
	    { "predicate": { "damaged": 0, "damage": 0.997439180537772 }, "model": "item/katana" },
	    { "predicate": { "damaged": 0, "damage": 0.998079385403329 }, "model": "item/samurai_sword" },
	    { "predicate": { "damaged": 0, "damage": 0.998719590268886 }, "model": "item/zeus_sword" },
	    { "predicate": { "damaged": 0, "damage": 0.999359795134443 }, "model": "item/vampire_sword" }
	]
}